<?xml version="1.0" encoding="UTF-8"?>
<project-private xmlns="http://www.netbeans.org/ns/project-private/1">
    <editor-bookmarks xmlns="http://www.netbeans.org/ns/editor-bookmarks/2" lastBookmarkId="0"/>
    <open-files xmlns="http://www.netbeans.org/ns/projectui-open-files/2">
        <group>
            <file>file:/D:/Users/2023122760328/Desktop/Meus%20Projetos%20Vscode/Trabalho-Age-of-Mythology-Retold-Arena/Trabalho-Age-of-Mythology-Retold-Arena/src/Arena/Arena.java</file>
            <file>file:/D:/Users/2023122760328/Desktop/Meus%20Projetos%20Vscode/Trabalho-Age-of-Mythology-Retold-Arena/Trabalho-Age-of-Mythology-Retold-Arena/src/Start/Start.java</file>
            <file>file:/D:/Users/2023122760328/Desktop/Meus%20Projetos%20Vscode/Trabalho-Age-of-Mythology-Retold-Arena/Trabalho-Age-of-Mythology-Retold-Arena/src/Arena/FilaManagerDeGuerreiros.java</file>
            <file>file:/D:/Users/2023122760328/Desktop/Meus%20Projetos%20Vscode/Trabalho-Age-of-Mythology-Retold-Arena/Trabalho-Age-of-Mythology-Retold-Arena/src/Arena/FilaManager.java</file>
        </group>
    </open-files>
</project-private>
